id,city_id,city_name,country_name,name,description,short_description,latitude,longitude,location,type,created_at
1091,141,Salvador,Brazil,Cuco Bistro,"{'Location': ['Cuco Bistrô is located in Salvador, Brazil, inviting guests to savor delicious dishes in a vibrant setting.'], 'Menu Highlights': ['Variety of dishes', 'Great cocktails', 'Live music'], 'Services & Facilities': ['Outdoor seating', 'Takeout', 'Dine-in'], 'Nearby Attractions': ['Pelourinho Historic Center', 'Model Market', 'Barra Lighthouse']}","Cuco Bistrô in Salvador, Brazil offers a diverse menu and cozy atmosphere for a delightful dining experience.",-12.9737943,-38.5093868,https://www.google.com/maps?q=Cuco%20Bistr%C3%B4&ftid=0x71604e89c708d57:0x8f462b3ea634a1b3,restaurant,2025-07-12T15:22:45.000000Z
1090,141,Salvador,Brazil,Coco Bambu,"{'Location': ['Coco Bambu is located in Salvador, Brazil, a vibrant city in the heart of Bahia, offering a delightful culinary experience.'], 'Menu Highlights': ['Plats de fruits de mer', 'Tropical cocktails', 'Doces brasileiros'], 'Services & Facilities': ['Live music', 'Wheelchair accessible seating', 'Free Wi-Fi'], 'Nearby Attractions': ['Pituba Beach', 'Farol da Barra', 'Mercado Modelo'], 'Attractions à proximité': ['Pituba Beach', 'Barra Lighthouse', 'Model Market']}","Coco Bambu in Salvador, Brazil, a top-rated dining spot known for its diverse menu and welcoming atmosphere.",-12.988741399999999,-38.4502874,https://www.google.com/maps?q=Coco%20Bambu&ftid=0x7161b0c28f291d9:0x8bbf52213a52a6c4,restaurant,2025-07-12T15:20:58.000000Z
1089,141,Salvador,Brazil,Beloved,"{'Location': ['Amado is located in Salvador, Brazil, a must-visit dining spot for locals and tourists alike.'], 'Menu Highlights': ['Great beer selection', 'Great cocktails', 'Great coffee'], 'Services & Facilities': ['Outdoor seating', 'Delivery', 'Takeout'], 'Nearby Attractions': ['Model Market', 'Pelourinho', 'Barra Lighthouse']}","Waterfront location for sophisticated seafood. Upscale establishment offering contemporary Brazilian seafood cuisine, as well as a terrace with views of the bay at sunset.",-12.978438899999999,-38.5172832,https://www.google.com/maps?q=Amado&ftid=0x716048c8aa55061:0xd77183eec3ae8f02,restaurant,2025-07-12T15:18:42.000000Z
1088,141,Salvador,Brazil,Larriquerrí,"{'Location': ['Larriquerrí is located in Salvador, Brazil, providing a delightful dining experience for both locals and tourists.'], 'Menu Highlights': ['Variety of dishes served', 'Great beer and cocktail selection', 'Specialty desserts and wines'], 'Services & Facilities': ['Delivery', 'Takeout', 'Eat at a restaurant'], 'Nearby Attractions': ['Praça Alexandre Fernandes', 'Garcia neighborhood', 'Historic sites in Salvador'], 'Attractions à proximité': ['Alexander Fernandes Square', 'Barrio Garcia', 'Historic sites in Salvador']}","Larriquerrí in Salvador, Brazil, a top-rated dining spot known for its diverse menu and cozy atmosphere.",-12.9944347,-38.513917,https://www.google.com/maps?q=Larriquerr%C3%AD&ftid=0x716049b01a3ea87:0xbc6b9a574e68755e,restaurant,2025-07-12T15:15:46.000000Z
1087,141,Salvador,Brazil,Restaurant Casa de Tereza,"{'Location': ['Restaurant Casa de Tereza is located in Salvador, Brazil, inviting guests to savor delicious dishes in a warm and welcoming setting.'], 'Menu Highlights': ['Great beer selection', 'Great cocktails', 'Great coffee'], 'Services & Facilities': ['Delivery', 'Onsite services', 'Takeout'], 'Nearby Attractions': ['Rio Vermelho Beach', 'Model Market', 'Pelourinho Historic Center']}",Regional cuisine in colorful surrounds. Bahian cuisine with European influences in a rustic building with colorful artworks & vintage decor.,-13.0138807,-38.487693799999995,https://www.google.com/maps?q=Restaurante%20Casa%20de%20Tereza&ftid=0x71603525f588ba9:0xc83a1019ebe178bd,restaurant,2025-07-12T15:13:15.000000Z
1086,140,Brasília,Brazil,Ticiana Werner Restaurant,"{'Location': ['Ticiana Werner Restaurant & Wine Bar is located in Brasília, Brazil, a must-visit spot for food enthusiasts.'], 'Menu Highlights': ['Variety of dishes served', 'Extensive wine selection', 'Specialty cocktails available'], 'Services & Facilities': ['Outdoor seating', 'Delivery', 'Takeout', 'Eat at the restaurant', 'Live music', 'Private dining room', 'Free Wi-Fi'], 'Nearby Attractions': ['National Congress of Brazil', 'Praça dos Três Poderes', 'Parque da Cidade Sarah Kubitschek'], 'Attractions à proximité': ['National Congress of Brazil', 'Square of the Three Powers', 'Sarah Kubitschek City Park']}","Ticiana Werner Restaurante & Wine Bar is a top-rated dining spot in Brasília, Brazil, offering a diverse menu and great ambiance.",-15.8046925,-47.8848944,https://www.google.com/maps?q=Ticiana%20Werner%20Restaurante%20%26%20Wine%20Bar&ftid=0x935a3ad88fefffd5:0x48edaf811e279abb,restaurant,2025-07-12T15:09:30.000000Z
1085,140,Brasília,Brazil,Pontão Lago Sul,"{'Location': ['Pontão Lago Sul is located in Brasília, Brazil, offering a diverse culinary experience for visitors.'], 'Menu Highlights': ['Mangai offers a great beer selection, cocktails, and coffee', 'The Falls is known for its great coffee', 'Coco Bambu stands out with its beer selection, cocktails, and dessert.'], 'Services & Facilities': ['Outdoor seating', 'Delivery', 'Takeout', 'Eat in the restaurant.', 'On-site bar', 'Wi-Fi', 'Free Wi-Fi'], 'Nearby Attractions': ['Paranoá Lake', 'Juscelino Kubitschek Bridge', 'Jardim Botânico de Brasília']}","Lively hangout along Lake Paranoa featuring palm-lined walking paths, cafes & views of JK Bridge.",-15.826346299999999,-47.8734408,https://www.google.com/maps?q=Pont%C3%A3o%20Lago%20Sul&ftid=0x935a24dadcd2f683:0x113d72b3f829d11d,restaurant,2025-07-12T15:06:27.000000Z
1084,140,Brasília,Brazil,Taypá,"{'Location': ['Taypá is located in Brasília, Brazil, a must-visit spot for food enthusiasts.'], 'Menu Highlights': ['Great beer selection', 'Great cocktails', 'Great coffee'], 'Services & Facilities': ['Outdoor seating', 'Delivery', 'Takeout', 'Eat-in'], 'Nearby Attractions': ['Pontão Lago Sul', 'Mangai', 'Restaurante Universal'], 'Attractions à proximité': ['Pontão Lago Sul', 'Mangai', 'Universal Restaurant']}","Stylish kitchen serving Peruvian cuisine. Peruvian ceviche, lomo saltado & other traditional plates prepared in a sleek venue with a terrace.",-15.860608699999998,-47.872309699999995,https://www.google.com/maps?q=Tayp%C3%A1&ftid=0x935a24500ab1caf5:0xc363d72242178262,restaurant,2025-07-12T14:59:36.000000Z
1083,140,Brasília,Brazil,Jijoca Restaurant,"{'Location': ['Restaurant Jijoca Br Frutos do Mar is located in Brasília, Brazil, a must-visit dining spot in the city.'], 'Menu Highlights': ['Seafood dishes', 'Cocktails', 'Desserts'], 'Services & Facilities': ['Outdoor seating', 'Delivery', 'Takeout', 'Dine-in'], 'Nearby Attractions': ['JK Bridge', 'Paranoá Lake', 'Parque Nacional de Brasília']}",Restaurant Jijoca Br Frutos do Mar in Brasília DF offers a diverse menu and great atmosphere for dining.,-15.8088239,-47.8855882,https://www.google.com/maps?q=Restaurante%20Jijoca%20Br%20Frutos%20do%20Mar%20Bras%C3%ADlia%20DF&ftid=0x935a3b3a0c75dd63:0x2466723c8d20fd7,restaurant,2025-07-12T14:56:08.000000Z
1082,140,Brasília,Brazil,Jamie Oliver Kitchen,"{'Location': ['Jamie Oliver Kitchen is located in Asa Sul, Brasília, Brazil, making it a must-visit for food enthusiasts.'], 'Menu Highlights': ['Meats', 'Wines', 'Happy Hour'], 'Services & Facilities': ['Outdoor seating', 'Delivery', 'Takeout', 'Dine-in', 'Wi-Fi'], 'Nearby Attractions': ['Mangai', 'The Falls', 'Coco Bambu'], 'Attractions à proximité': ['Mangai', 'Les Chutes', 'Coco Bambu']}","Jamie Oliver Kitchen: a top-rated dining spot in Asa Sul, Brasília, offering a variety of dishes and drinks.",-15.794687699999999,-47.8925797,https://www.google.com/maps?q=Jamie%20Oliver%20Kitchen%3A%20carnes%2C%20vinhos%2C%20happy%20hour%2C%20eventos%2C%20asa%20sul%20df&ftid=0x935a3b437a083653:0x2639d6fcce846ac3,restaurant,2025-07-12T14:53:08.000000Z
1081,140,Brasília,Brazil,Universal Restaurant,"{'Location': ['Restaurante Universal is located in Brasília, Brazil, a must-visit dining spot for locals and tourists alike.'], 'Menu Highlights': ['Great beer selection', 'Great cocktails', 'Great coffee'], 'Services & Facilities': ['Outdoor seating', 'No-contact delivery', 'Delivery', 'Takeout', 'Dine-in'], 'Nearby Attractions': ['Pontão Lago Sul', 'Taypá', 'Ticiana Werner Restaurant & Wine Bar']}","An eclectic gourmet restaurant. Creative delicacies with a Brazilian twist, in a spot with fun décor & a patio.",-15.8234572,-47.9050211,https://www.google.com/maps?q=Restaurante%20Universal&ftid=0x935a254b2516bfa5:0xf67e26affffbe2aa,restaurant,2025-07-12T14:49:56.000000Z
1080,140,Brasília,Brazil,Aroma Brasília,"{'Location': ['Aroma Brasília is located in Brasília, Brazil, a must-visit spot for food enthusiasts.'], 'Menu Highlights': ['Great beer selection', 'Great cocktails', 'Great coffee'], 'Services & Facilities': ['Outdoor seating', 'No-contact delivery', 'Delivery', 'Takeout', 'Dine-in'], 'Nearby Attractions': ['Pontão Lago Sul', 'Taypá', 'Restaurant Jijoca Br Seafood Brasília DF']}","Aroma Brasília is a top-rated dining spot in Brasília, Brazil, offering a diverse menu and great atmosphere.",-15.818585899999999,-47.8958338,https://www.google.com/maps?q=Aroma%20Bras%C3%ADlia&ftid=0x935a3b3cac6e043b:0xeaf0c3a1e9da4690,restaurant,2025-07-12T14:46:27.000000Z
1079,140,Brasília,Brazil,Coco Bambu,"{'Location': ['Coco Bambu is located in Brasília, Brazil, offering a delightful dining experience for all visitors.'], 'Menu Highlights': ['Great beer selection.', 'Great cocktails', 'Great coffee'], 'Services & Facilities': ['Outdoor seating', 'No-contact delivery', 'Delivery', 'Takeout', 'Dine-in'], 'Nearby Attractions': ['Pontão Lago Sul', 'Taypá', 'Jamie Oliver Kitchen'], 'Attractions à proximité': ['Pontão Lago Sul', 'Taypá', 'Jamie Oliver Kitchen']}","Coco Bambu in Brasília, Brazil, a top-rated dining spot with a diverse menu and great atmosphere.",-15.819101799999999,-47.8683993,https://www.google.com/maps?q=Coco%20Bambu&ftid=0x935a24cea67d88cb:0xdc9ad39e6e173722,restaurant,2025-07-12T14:43:50.000000Z
1078,140,Brasília,Brazil,The Falls,"{'Location': ['The Falls is located in Brasília, Brazil, a must-visit spot for food enthusiasts.'], 'Menu Highlights': ['Variety of dishes', 'Great coffee selection', 'Specialty desserts'], 'Services & Facilities': ['Outdoor seating', 'Delivery', 'Takeout', 'Dine-in'], 'Nearby Attractions': ['Brasília National Park', 'JK Memorial', 'Cultural Complex of the Republic']}","The Falls in Brasília, Brazil offers a diverse menu and great atmosphere for dining.",-15.7941419,-47.8923292,https://www.google.com/maps?q=The%20Falls&ftid=0x935a3aaf31440001:0xe4399a69b56a6289,restaurant,2025-07-12T14:41:21.000000Z
1077,140,Brasília,Brazil,Mangai,"{'Location': ['Mangai is located in Brasília, Brazil, a must-visit dining spot for locals and tourists.'], 'Menu Highlights': ['Great beer selection', 'Great cocktails', 'Great coffee!'], 'Services & Facilities': ['Outdoor seating', 'No-contact delivery', 'Delivery', 'Takeout', 'Eat at the restaurant'], 'Nearby Attractions': ['Ponte JK', 'Parque da Cidade', 'Catedral Metropolitana de Brasília'], 'Attractions à proximité': ['JK Bridge', 'City Park', 'Metropolitan Cathedral of Brasília']}","Northeastern food & view of lake Paranoá. A trendy, upscale restaurant serving traditional & reinvented Northeastern Brazilian dishes.",-15.8176974,-47.836948,https://www.google.com/maps?q=Mangai&ftid=0x935a235a30a01913:0x65f370424a5cb352,restaurant,2025-07-12T14:38:18.000000Z
1076,139,Sao Paulo,Brazil,Tatini Restaurant,"{'Location': ['Tatini Restaurante is located in São Paulo, Brazil, a must-visit spot for food enthusiasts.'], 'Menu Highlights': ['Variety of dishes', 'Specialty cocktails', 'Extensive wine selection'], 'Services & Facilities': ['Outdoor seating', 'Delivery', 'Takeout'], 'Nearby Attractions': ['Ibirapuera Park', 'Avenida Paulista', 'São Paulo Museum of Art']}","Classic food & family tradition. A traditional Italian family restaurant with delivery service, serving classic dishes.",-23.5691919,-46.65799,https://www.google.com/maps?q=Tatini%20Restaurante&ftid=0x94ce59c4592a8505:0x74ec8dee23518db5,restaurant,2025-07-12T13:40:21.000000Z
1075,139,Sao Paulo,Brazil,Italy Terrace,"{'Location': ['Terraço Itália is located in São Paulo, Brazil, offering a historic and upscale dining experience.'], 'Menu Highlights': ['Great beer selection', 'Great cocktails', 'Great coffee'], 'Services & Facilities': ['Outdoor seating', 'No-contact delivery', 'Delivery', 'Takeout', 'Dine-in'], 'Nearby Attractions': ['Edifício Copan', 'Municipal Theatre of São Paulo', 'São Paulo Museum of Art'], 'Attractions à proximité': ['Copan Building', 'Municipal Theatre of São Paulo', 'São Paulo Museum of Art']}","A classic Italian restaurant with a view. An upscale, candlelit Italian restaurant with a piano & wonderful view of the city.",-23.5455222,-46.643738899999995,https://www.google.com/maps?q=Terra%C3%A7o%20It%C3%A1lia&ftid=0x94ce59e209937ecf:0x3cd0a1d60820f9e2,restaurant,2025-07-12T13:38:11.000000Z
1074,139,Sao Paulo,Brazil,The Beef,"{'Location': ['Le Bife is located in São Paulo, Brazil, a must-visit dining spot for locals and tourists alike.'], 'Menu Highlights': ['Variety of dishes', 'Great wine selection', 'Specialty cocktails'], 'Services & Facilities': ['Outdoor seating', 'No-contact delivery', 'Takeout'], 'Nearby Attractions': ['Ibirapuera Park', 'MASP - São Paulo Museum of Art', 'Vila Madalena neighborhood']}","Fine French dishes focused on beef. Refined French bistro specializing in prime cuts of beef served as steaks, burgers or tartare.",-23.5822486,-46.680941999999995,https://www.google.com/maps?q=Le%20Bife&ftid=0x94ce57681224bedd:0x500489a5a5c510c0,restaurant,2025-07-12T13:35:56.000000Z
1073,139,Sao Paulo,Brazil,Mocotó - Bar and Restaurant,"{'Location': ['Mocotó - Bar and Restaurant is located in São Paulo, Brazil, a must-visit spot for food enthusiasts.'], 'Menu Highlights': ['Signature dishes', 'Variety of cocktails', 'Specialty desserts'], 'Services & Facilities': ['Outdoor seating', 'Delivery', 'Takeout'], 'Nearby Attractions': ['Ibirapuera Park', 'São Paulo Museum of Art', 'Pinacoteca do Estado de São Paulo'], 'Attractions à proximité': ['Ibirapuera Park', 'São Paulo Museum of Art', 'Pinacoteca of the State of São Paulo']}","Trendy gourmet Northeastern cuisine. A contemporary, art-themed Northeastern restaurant serving delicious traditional dishes.",-23.4867177,-46.5816933,https://www.google.com/maps?q=Mocot%C3%B3%20-%20Bar%20e%20Restaurante&ftid=0x94cef5f0d13f4bc9:0xcbf483956fa14303,restaurant,2025-07-12T13:34:03.000000Z
1072,139,Sao Paulo,Brazil,Modern Mamma Osteria,"{'Location': ['Modern Mamma Osteria is located in São Paulo, Brazil, a must-visit spot for food enthusiasts.'], 'Menu Highlights': ['Variety of dishes', 'Great wine selection', 'Delicious desserts'], 'Services & Facilities': ['Takeout', 'Dine-in'], 'Nearby Attractions': ['Ibirapuera Park', 'Paulista Avenue', 'São Paulo Museum of Art'], 'Attractions à proximité': ['Ibirapuera Park', 'Avenida Paulista', 'São Paulo Museum of Art']}","Stylish Italian dishes in an airy space. Artfully plated pasta dishes & classic Italian desserts served in a bright, airy dining room.",-23.581879999999998,-46.6798563,https://www.google.com/maps?q=Modern%20Mamma%20Osteria&ftid=0x94ce5767e728705d:0x6b5b386a21b8e275,restaurant,2025-07-12T13:31:58.000000Z
1071,139,Sao Paulo,Brazil,D.O.M.,"{'Location': ['D.O.M. is located in São Paulo, Brazil, offering a delightful dining experience for both locals and tourists.'], 'Menu Highlights': ['Exquisite menu offerings', 'Cozy atmosphere', 'Great wine selection'], 'Services & Facilities': ['Outdoor seating', 'Delivery', 'Eat-in'], 'Nearby Attractions': ['Ibirapuera Park', 'Paulista Avenue', 'São Paulo Museum of Art'], 'Attractions à proximité': ['Ibirapuera Park', 'Avenida Paulista', 'São Paulo Museum of Art']}","Haute cuisine from a renowned chef. Haute cuisine from world-renowned chef Alex Atala, reviving dishes with innovative ingredients.",-23.5663224,-46.667572199999995,https://www.google.com/maps?q=D.O.M.&ftid=0x94ce59d6e56707fd:0x269955670d659e58,restaurant,2025-07-12T13:29:51.000000Z
1070,139,Sao Paulo,Brazil,Jiquitaia,"{'Location': ['Jiquitaia is located in São Paulo, Brazil, offering a delightful dining experience for both locals and tourists.'], 'Menu Highlights': ['Variety of dishes served', 'Specialty cocktails', 'Selection of wines'], 'Services & Facilities': ['Outdoor seating', 'Delivery', 'Takeout'], 'Nearby Attractions': ['Ibirapuera Park', 'São Paulo Museum of Art', 'Avenida Paulista']}",Varied Brazilian-style cuisine. A cozy eatery with unassuming décor that serves varied cuisine with a Brazilian twist.,-23.5762365,-46.6458279,https://www.google.com/maps?q=Jiquitaia&ftid=0x94ce59ccc605a509:0x3d07d0a16077ef40,restaurant,2025-07-12T13:27:36.000000Z
1069,139,Sao Paulo,Brazil,Tordesillas,"{'Location': ['Tordesilhas is located in São Paulo, Brazil, offering a delightful dining experience for all visitors.'], 'Menu Highlights': ['Diverse menu offerings', 'Cozy atmosphere', 'Great wine selection'], 'Services & Facilities': ['Outdoor seating', 'Delivery', 'Takeout'], 'Nearby Attractions': ['Ibirapuera Park', 'Avenida Paulista', 'São Paulo Museum of Art']}","Country-style Brazilian cuisine. Brazilian fare, combining the flavors of Minas Gerais & the spices of Bahia, served in a cozy space.",-23.560609,-46.6675884,https://www.google.com/maps?q=Tordesilhas&ftid=0x94ce583397637bdb:0x86bebc7e6de2a4bc,restaurant,2025-07-12T13:25:32.000000Z
1068,139,Sao Paulo,Brazil,Banzeiro Restaurant,"{'Location': ['Banzeiro Restaurant is located in São Paulo, Brazil, offering a delightful dining experience for visitors.'], 'Menu Highlights': ['Amazonian Fish Stew', 'Tambaqui Ribs', 'Açaí Bowl'], 'Services & Facilities': ['Outdoor seating', 'Delivery', 'Takeout'], 'Nearby Attractions': ['Ibirapuera Park', 'São Paulo Museum of Art', 'Vila Madalena']}","Trendy venue for dishes from the Amazon. Amazonian rice, river fish & meat dishes in a vividly decorated, industrial-style space.",-23.5837516,-46.6786732,https://www.google.com/maps?q=Banzeiro%20Restaurant%20-%20S%C3%A3o%20Paulo&ftid=0x94ce57e037961749:0x56b0691cabc4cc9d,restaurant,2025-07-12T13:23:31.000000Z
1067,139,Sao Paulo,Brazil,Capim Santo Restaurant in Sao Paulo,"{'Location': ['The Capim Santo Restaurant in São Paulo is located in São Paulo, Brazil, and offers a delightful dining experience for both locals and tourists.'], 'Menu Highlights': ['Great beer selection', 'Great cocktails', 'Great coffee'], 'Services & Facilities': ['Outdoor seating', 'No-contact delivery', 'Delivery', 'Takeout', 'Restaurant service'], 'Nearby Attractions': ['Ibirapuera Park', 'Paulista Avenue', 'São Paulo Museum of Art'], 'Atracciones cercanas': ['Ibirapuera Park', 'Avenida Paulista', 'São Paulo Museum of Art']}",Restaurant Capim Santo São Paulo is a top-rated dining spot in São Paulo known for its diverse menu and welcoming atmosphere.,-23.579910299999998,-46.6845024,https://www.google.com/maps?q=Restaurante%20Capim%20Santo%20S%C3%A3o%20Paulo&ftid=0x94ce59cde018777b:0x799173c57829c402,restaurant,2025-07-12T13:21:07.000000Z
1066,138,Rio de Janeiro,Brazil,Zazá Bistrô Tropical,"{'Location': ['Zazá Bistrô Tropical is located in Ipanema, Rio de Janeiro, Brazil, offering a delightful dining experience for all visitors.'], 'Menu Highlights': ['Great beer selection', 'Great cocktails', 'Great coffee'], 'Services & Facilities': ['Outdoor seating', 'Delivery', 'Takeout', 'Eat at a restaurant'], 'Nearby Attractions': ['Ipanema Beach', 'Copacabana Fort', 'Arpoador Rock']}","Contemporary Moroccan food. A bright mansion with a laid-back & eclectic vibe that serves Moroccan & Asian fare, plus cocktails.",-22.9854508,-43.2049036,https://www.google.com/maps?q=Zaz%C3%A1%20Bistr%C3%B4%20Tropical&ftid=0x9bd504e0ec717b:0x1fbbbe2f68dcb3b0,restaurant,2025-07-12T13:17:20.000000Z
1065,138,Rio de Janeiro,Brazil,The Star Restaurant,"{'Location': [""L'Etoile Restaurante is located in Rio de Janeiro, Brazil, providing a charming setting for locals and tourists to enjoy exquisite cuisine.""], 'Menu Highlights': ['Great beer selection', 'Great cocktails', 'Great coffee'], 'Services & Facilities': ['Eat in restaurants', 'Wheelchair accessible entrance', 'Private dining room'], 'Nearby Attractions': ['Ipanema Beach', 'Christ the Redeemer Statue', 'Sugarloaf Mountain']}",French cuisine & a panoramic view. Modern French-Brazilian food served on the 26th floor of the Sheraton Grand Rio Hotel & Resort.,-22.9922132,-43.233206599999995,https://www.google.com/maps?q=L%27Etoile%20Restaurante&ftid=0x9bd44c046fcbe9:0x64119ae5110c99ef,restaurant,2025-07-12T13:15:09.000000Z
1064,138,Rio de Janeiro,Brazil,Brazil Land,"{'Location': ['Terra Brasilis is located in Rio de Janeiro, Brazil, offering a delightful dining experience for all visitors.'], 'Menu Highlights': ['Great beer selection', 'Great cocktails', 'Great coffee'], 'Services & Facilities': ['Outdoor seating', 'Dine-in', 'Wi-Fi'], 'Nearby Attractions': ['Sugarloaf Mountain', 'Copacabana Beach', 'Christ the Redeemer'], 'Attractions à proximité': ['Sugarloaf Mountain', 'Copacabana Beach', 'Christ the Redeemer']}","Home cooking & views of Sugarloaf. Family-friendly spot serving Brazilian food, hand-tossed pizza & music with great view of Sugarloaf.",-22.956191999999998,-43.1648407,https://www.google.com/maps?q=Terra%20Brasilis&ftid=0x99801a6120e6af:0x4874408a240f672e,restaurant,2025-07-12T13:13:17.000000Z
1063,138,Rio de Janeiro,Brazil,Galeto 183,"{'Location': ['Galeto 183 is located in Rio de Janeiro, Brazil, a must-visit spot for food enthusiasts.'], 'Menu Highlights': ['Great beer selection', 'Great cocktails', 'Great coffee'], 'Services & Facilities': ['Outdoor seating', 'Dine-in'], 'Nearby Attractions': ['Marius Degustare', 'Lilia', 'Fogo de Chão'], 'Attractions à proximité': ['Marius Tasting', 'Lilia', 'Fire of the Earth']}",A bar with grilled food and feijoada. Large portions of grilled meat with farofa and beans at a traditional spot with a real Rio-bar vibe.,-22.909616,-43.1932279,https://www.google.com/maps?q=Galeto%20183&ftid=0x997f6d45da0261:0x71ee29cbe0942db3,restaurant,2025-07-12T13:11:21.000000Z
1062,138,Rio de Janeiro,Brazil,Térèze,"{'Location': ['Térèze is located in Rio de Janeiro, Brazil, a must-visit spot for food enthusiasts.'], 'Menu Highlights': ['Great cocktails', 'Great coffee', 'Great dessert'], 'Services & Facilities': ['Rooftop seating', 'Wi-Fi', 'Free Wi-Fi'], 'Nearby Attractions': ['Santa Teresa neighborhood', 'Selarón Steps', 'Ruins Park']}","Fine Brazilian cuisine. This chic, trendy restaurant offers sophistication with panoramic bay views & fine dining.",-22.9217832,-43.18786,https://www.google.com/maps?q=T%C3%A9r%C3%A8ze&ftid=0x997f9d89ff4b1f:0x12e191192cd909a4,restaurant,2025-07-12T13:09:01.000000Z
1061,138,Rio de Janeiro,Brazil,Alfaia Restaurant,"{'Location': ['Alfaia Restaurant está localizado em Copacabana, Rio de Janeiro, Brasil, oferecendo uma experiência gastronômica encantadora.'], 'Menu Highlights': ['Great cocktails.', 'Great coffee', 'Great wine list'], 'Services & Facilities': ['No-contact delivery', 'Takeout', 'Dine-in'], 'Nearby Attractions': ['Copacabana Beach', 'Sugarloaf Mountain', 'Ipanema Beach'], 'Attractions à proximité': ['Copacabana Beach', 'Sugarloaf Mountain', 'Ipanema Beach']}","Culinária portuguesa de frutos do mar. Cozinha portuguesa, especializada em bacalhau e outros tipos de frutos do mar, servida em um ambiente acolhedor.",-22.966676099999997,-43.181684399999995,https://www.google.com/maps?q=Alfaia%20Restaurante&ftid=0x9bd556d41ab851:0xb01dc897e022021c,restaurant,2025-07-12T13:07:09.000000Z
1060,138,Rio de Janeiro,Brazil,Pergula Restaurant,"{'Location': ['Restaurant Pérgula is located in Copacabana, Rio de Janeiro, Brazil, a must-visit dining spot for locals and tourists alike.'], 'Menu Highlights': ['Great beer selection', 'Great cocktails', 'Great coffee'], 'Services & Facilities': ['Outdoor seating', 'Eat in restaurants'], 'Nearby Attractions': ['Copacabana Beach', 'Sugarloaf Mountain', 'Ipanema Beach']}","Gourmet food in an elegant setting. Sophisticated eatery in the Copacabana Palace with light, cosmopolitan fare & Sunday brunch.",-22.9672709,-43.1788983,https://www.google.com/maps?q=Restaurante%20P%C3%A9rgula&ftid=0x9bd5540e4f928d:0x6e0837d09f287b26,restaurant,2025-07-12T13:05:05.000000Z
1059,138,Rio de Janeiro,Brazil,Fogo de Chão,"{'Location': ['Fogo de Chão is located in Rio de Janeiro, Brazil, offering a delightful dining experience for visitors.'], 'Menu Highlights': ['All you can eat options', 'Great wine selection', 'Variety of cocktails'], 'Services & Facilities': ['Outdoor seating', 'Delivery', 'Takeout', 'Dine-in'], 'Nearby Attractions': ['Botafogo Beach', 'Sugarloaf Mountain', 'Jardim Botânico do Rio de Janeiro']}",High-end Brazilian steakhouse. A luxurious Brazilian restaurant chain offering unlimited meat served at your table and a wide variety of options at the salad bar.,-22.9487718,-43.1803052,https://www.google.com/maps?q=Fogo%20de%20Ch%C3%A3o&ftid=0x997ff1451e2ddf:0x42a8cedf0c582d46,restaurant,2025-07-12T13:03:15.000000Z
1058,138,Rio de Janeiro,Brazil,Lilia,"{'Location': ['Lilia is located in Rio de Janeiro, Brazil, offering a delightful dining experience for both locals and tourists.'], 'Menu Highlights': ['Great beer selection', 'Great cocktails', 'Great coffee'], 'Services & Facilities': ['Outdoor seating', 'Dine-in', 'Wi-Fi'], 'Nearby Attractions': ['Copacabana Beach', 'Pão de Açúcar', 'Christ the Redeemer']}",Lilia is a top-rated dining destination in Rio de Janeiro known for its diverse menu and cozy atmosphere.,-22.9091795,-43.1840067,https://www.google.com/maps?q=Lilia&ftid=0x997f65fc4165b1:0xd530c1be9e13f0a1,restaurant,2025-07-12T13:00:51.000000Z
1057,138,Rio de Janeiro,Brazil,Marius Tasting,"{'Location': ['Marius Degustare is located in Copacabana, Rio de Janeiro, Brazil, a must-visit spot for food enthusiasts.'], 'Menu Highlights': ['Great beer selection', 'Great cocktails', 'Great coffee'], 'Services & Facilities': ['Outdoor seating', 'Eat at the restaurant'], 'Nearby Attractions': ['Copacabana Beach', 'Sugarloaf Mountain', 'Jardim Botânico do Rio de Janeiro']}","Organic meat and seafood restaurant. Nautical memorabilia, rocks, and antiques set the scene at this organic meat and seafood restaurant.",-22.9619514,-43.166349499999995,https://www.google.com/maps?q=Marius%20Degustare&ftid=0x9bd53ea56840d5:0xf8a650ca56b3613a,restaurant,2025-07-12T12:58:43.000000Z
308,137,Samarkand,Uzbekistan,Makon Mall,"{'Location': ['Makon Mall is located in Samarkand, Uzbekistan, a vibrant shopping destination for locals and tourists.'], 'Top Stores': ['Makon Mall', 'Makon Mall Shopping Center', 'Old Macao'], 'Top Restaurants & Cafes': ['Old Makon', 'Cafe', 'Etlon Coffee'], 'Opening Hours': ['Open daily from 10 AM to 10 PM']}","Makon Mall in Samarkand, Uzbekistan, offers a diverse shopping and dining experience with a rating of 4.2.",39.6552012,66.9570049,https://www.google.com/maps?q=Makon%20Mall&ftid=0x3f4d195bff7fc6ad:0xa33efee544c433f0,shop,2025-07-11T22:50:10.000000Z
307,137,Samarkand,Uzbekistan,Festival mall,"{'Location': ['Festival mall is in Samarqand, Uzbekistan, a vibrant destination for shopping and dining enthusiasts.'], 'Top Stores': ['Makon Mall', 'Makon Mall shopping center', 'ESHON BOBO1 OFFICIAL'], 'Top Restaurants & Cafes': ['Ancien Barista', 'Meeting Point cafe', 'Cafe'], 'Opening Hours': ['Open daily from morning till night']}","Festival mall in Samarkand, Uzbekistan offers a diverse shopping and dining experience with a 5.0 rating.",39.670324199999996,66.9367053,https://www.google.com/maps?q=Festival%20mall&ftid=0x3f4d1955b9d67511:0x9abd3451090745ff,shop,2025-07-11T22:47:14.000000Z
306,136,Namangan,Uzbekistan,National Trade Center,"{'Location': ['The National Trade Center is located in Namangan, Uzbekistan, a bustling shopping hub.'], 'Top Stores': ['Murod opened a magazine.', 'Usmonali shop', 'ALI MARKET'], 'Top Restaurants & Cafes': [""Do'stlik Tantanalari Collection"", 'Family Cafe', 'Ulfatlar Tea House'], 'Opening Hours': ['Open daily from 8 AM to 10 PM']}","The National Trade Center is a popular shopping mall in Namangan, Uzbekistan, providing a wide range of shops and restaurants.",40.9784564,71.7096996,https://www.google.com/maps?q=Milliy%20savdo%20markazi&ftid=0x38bb4f14f2eda281:0xbb9428be3e2e3714,shop,2025-07-11T22:42:28.000000Z
305,136,Namangan,Uzbekistan,Asia Mall,"{'Location': ['Asia Mall is located in Namangan, Uzbekistan, a bustling hub for shopping enthusiasts.'], 'Top Stores': [""Marché d'ORIGINE"", 'UZ-ZAMIN', 'Maryam Shopping'], 'Top Restaurants & Cafes': ['Fashion Cafe', 'BABA FOOD STEAKHOUSE', 'Iced coffee'], 'Opening Hours': ['Open daily from 8 AM to 8 PM.']}","Asia Mall in Namangan, Uzbekistan - a top shopping destination with a variety of stores and dining options.",40.9847657,71.6968028,https://www.google.com/maps?q=Asia%20Mall&ftid=0x38bb4f17cb1f325f:0x93c1fb182f344360,shop,2025-07-11T22:40:16.000000Z
304,136,Namangan,Uzbekistan,Alif_taklifnoma,"{'Location': ['Alif_taklifnoma is in Namangan, Uzbekistan, a vibrant shopping destination.'], 'Top Stores': ['Murod bought a magazine.', 'Usmonali shop', 'ALI MARKET'], 'Top Restaurants & Cafes': ['Friendship Bridge Ensemble', 'Family Cafe', 'Ulfatlar tea house'], 'Opening Hours': ['Open daily from 8 AM to 10 PM']}","Alif_taklifnoma is a top-rated mall in Namangan, Uzbekistan, offering a diverse shopping experience.",40.992563499999996,71.65151469999999,https://www.google.com/maps?q=Alif_taklifnoma&ftid=0x38bb4b008b915e6b:0x86f1648948781e49,shop,2025-07-11T22:38:28.000000Z
303,136,Namangan,Uzbekistan,Metropolis,"{'Location': ['MegaPolis - Savdo Markazi is located in Namangan, Uzbekistan, and is a lively shopping hub popular with both locals and visitors.'], 'Top Stores': ['Fashion Cafe', 'MegaFood', 'Salini restaurant'], 'Top Restaurants & Cafes': ['Fashion Cafe', 'MegaFood', 'Salini restaurant'], 'Opening Hours': ['Open daily from 8 AM to 10 PM']}","MegaPolis - Savdo Markazi is a top-rated mall in Namangan, Uzbekistan, offering a diverse shopping experience.",40.9919328,71.6671312,https://www.google.com/maps?q=%22%20MegaPolis%20%22%20-%20Savdo%20Markazi&ftid=0x38bb4bff88816c31:0x2b116ff49191d32d,shop,2025-07-11T22:36:36.000000Z
302,135,Fergana,Uzbekistan,FAMILY PARK,"{'Location': ['FAMILY PARK is located in Samarkand, Uzbekistan, a bustling shopping spot for both locals and visitors.'], 'Top Stores': ['Family park', 'FAMILY MARKET', 'Farxod Market'], 'Top Restaurants & Cafes': ['Galaxy Park Grand Cafe', 'A family-friendly café.', 'FoodCafe'], 'Opening Hours': ['Open daily from 10 AM to 10 PM']}","FAMILY PARK is a popular mall in Samarkand, Uzbekistan, offering a variety of stores and dining options.",39.663674799999995,66.90778829999999,https://www.google.com/maps?q=FAMILY%20PARK&ftid=0x3f4d190de18fc085:0xd85ce9a14443d55f,shop,2025-07-11T22:32:44.000000Z
301,135,Fergana,Uzbekistan,Atlas Shopping Center Fergana,"{'Location': ['The Atlas Fergana Shopping Mall is situated in Fergana, Uzbekistan, a lively shopping spot.'], 'Top Stores': ['Fergana Bicycle Shop', 'Shodiyona Market', 'Flagman Asia Market'], 'Top Restaurants & Cafes': ['BOOK CAFE.', 'FoodCafe', 'Respect'], 'Opening Hours': ['Open daily from 9 AM to 10 PM']}","TRC Atlas Fergana is a popular mall in Fergana, Uzbekistan with a rating of 4.1, offering a diverse shopping experience.",40.372758999999995,71.8042062,https://www.google.com/maps?q=%D0%A2%D0%A0%D0%A6%20Atlas%20%D0%A4%D0%B5%D1%80%D0%B3%D0%B0%D0%BD%D0%B0&ftid=0x38bb8488ce9aa893:0x5928031e32c222c0,shop,2025-07-11T22:28:42.000000Z
300,135,Fergana,Uzbekistan,Central Festival Shopping Mall,"{'Location': ['Central Festival Shopping Mall is located in Fergana, Uzbekistan, offering a lively shopping experience in the city.'], 'Top Stores': ['Fergana Bike Shop', 'Shodiyona Market', 'Flagman Asia Market'], 'Top Restaurants & Cafes': ['FoodCafe', 'Respect', '5 Tashabbus Cafe'], 'Opening Hours': ['Open daily from 10 AM to 10 PM']}","Central Festival Shopping Mall is a popular mall in Fergana with a rating of 4.2, offering a variety of stores and dining options.",40.381434399999996,71.7825836,https://www.google.com/maps?q=%D0%A2%D0%A0%D0%A6%20Central%20Festival&ftid=0x38bb83e6b1ddde99:0xca995505c7aed9b,shop,2025-07-11T22:24:54.000000Z
299,135,Fergana,Uzbekistan,Flagman Asia Market,"{'Location': ['Flagman Osiyo Market is in Fergana, Uzbekistan, a vibrant hub for shopping and dining enthusiasts.'], 'Top Stores': ['Fergana bicycle Shop', 'Shodiyona Market', 'Flagman Asia Market'], 'Top Restaurants & Cafes': ['BOOK CAFE.', 'Payment', 'Magazine'], 'Opening Hours': [""Open daily from morning till late evening. Specific hours vary, so please refer to the mall's operating schedule for details.""]}","Flagman Osiyo Market is a top-rated mall in Fergana, Uzbekistan, offering a diverse shopping and dining experience.",40.3782201,71.7770716,https://www.google.com/maps?q=Flagman%20Osiyo%20Market&ftid=0x38bb85b5474c167b:0xb1a47bf5b95fe630,shop,2025-07-11T22:21:53.000000Z
298,135,Fergana,Uzbekistan,FERGANA CITY MALL,"{'Location': ['FERGANA CITY MALL is located in Fergana, Uzbekistan, a vibrant shopping destination.'], 'Top Stores': ['Fergana Bicycle Shop', 'Shodiyona Market', 'Flagman Asia Market'], 'Top Restaurants & Cafes': ['FoodCafe', 'Respect', '5 Tashabbus cafe'], 'Opening Hours': ['Open daily from morning till night with varying hours for different stores and dining options.']}","FERGANA CITY MALL in Fergana, Uzbekistan, a top-rated mall with various stores and dining options.",40.393069,71.7810366,https://www.google.com/maps?q=FERGANA%20CITY%20MALL&ftid=0x38bb83848f7bb0c5:0x8e7deed41099343d,shop,2025-07-11T22:20:07.000000Z
297,134,Andijan,Uzbekistan,O'zbegim Mall,"{'Location': ['O’zbegim Mall is in Andijan, Uzbekistan, a vibrant shopping hub for locals and tourists.'], 'Top Stores': [""O'zbegim"", 'SAFO cafe', 'Home'], 'Top Restaurants & Cafes': [""O'zbegim"", 'SAFO cafe', 'House'], 'Opening Hours': ['Open daily from 9 AM to 11 PM']}","O’zbegim Mall in Andijan, Uzbekistan, a top shopping destination with a variety of stores and dining options.",40.7863098,72.348882,https://www.google.com/maps?q=O%E2%80%99zbegim%20Mall&ftid=0x38bceca0aab3042d:0xbc7ba802119fb2af,shop,2025-07-11T22:11:16.000000Z
296,134,Andijan,Uzbekistan,Navruz Mall,"{'Location': ['Navruz Mall is in Mashrab, Andijon, Uzbekistan, a vibrant shopping destination.'], 'Top Stores': ['Navro‘z market', 'Supermarché', 'Navruz Market'], 'Top Restaurants & Cafes': [""Ma'vo"", 'Kohinur cafe & tea house', 'Mister Arabic'], 'Opening Hours': ['Open daily from morning till night']}","Navruz Mall in Mashrab, Andijon, Uzbekistan - a top-rated mall with diverse stores and dining options.",40.7524758,72.3637995,https://www.google.com/maps?q=Navruz%20Mall&ftid=0x38bced91ccce77f9:0xf07c16e5c23a5945,shop,2025-07-11T22:09:06.000000Z
295,133,Bukhara,Uzbekistan,Omad Shopping Complex,"{'Location': [""The shopping complex 'Omad' is located in Bukhara, Uzbekistan, a vibrant shopping destination.""], 'Top Stores': [""Shopping Complex 'Omad'"", 'Welcome', 'Book cafe'], 'Top Restaurants & Cafes': ['MANTUXONA P.M.K', 'Plov from Ilkhom.', 'Book cafe'], 'Opening Hours': ['Open daily from 7 AM to 12 AM']}","'Omad' Shopping Complex in Bukhara, Uzbekistan, is a vibrant mall with a diverse range of shops and restaurants.",39.7831058,64.412503,https://www.google.com/maps?q=Torgovyy%20Kompleks%20%22Omad%22&ftid=0x3f50099d22bedbcf:0x36f7f1c78e7d40b3,shop,2025-07-11T22:05:42.000000Z
294,133,Bukhara,Uzbekistan,MINOR,"{'Location': ['MINOR is located in Bukhara, Uzbekistan, a vibrant shopping spot with a rating of 4.2, ideal for high-quality shopping.'], 'Top Stores': ['Central Bazaar', 'Muborak’s souvenir shop', 'Antique store in Bukhara.'], 'Top Restaurants & Cafes': ['Mantu House P.M.K.', 'Mirhan', 'Minor Cafe Shashlik Center'], 'Opening Hours': ['Open daily from 8 AM to 11 PM']}","MINOR is a top-rated mall in Bukhara, Uzbekistan, offering a diverse shopping experience.",39.7803841,64.4306747,https://www.google.com/maps?q=MINOR&ftid=0x3f50077627c096e1:0x8f1ccb04c57d1650,shop,2025-07-11T22:03:26.000000Z
